{"top_1_accuracy": 0.23512449008133968, "top_3_accuracy": 0.3540582360363338, "top_5_accuracy": 0.41623294415236856, "top_10_accuracy": 0.501828667882249}