{"top_5_accuracy": 0.41623294415236856, "top_10_accuracy": 0.501828667882249}